biomarker,clinical_factor,test,statistic,pvalue,n_groups,groups,medians,n_samples
Ki67,larynxpharynx,Mann-Whitney U,3895.0,1.1050429173249502e-17,2,"['Larynx', 'Pharynx']","[np.float64(0.4462068178043473), np.float64(0.727894813363509)]",308
CD3e,larynxpharynx,Mann-Whitney U,3948.0,2.087838673116761e-17,2,"['Larynx', 'Pharynx']","[np.float64(0.29248236155558804), np.float64(0.4722732271789837)]",308
CD3e,hpvstatus,Kruskal-Wallis,57.889894296451644,2.6876281087688066e-13,3,"[np.float64(5.0), np.float64(0.0), np.float64(1.0)]","[np.float64(0.3176508795175637), np.float64(0.36497428063676635), np.float64(0.5136122552643878)]",308
CD8,larynxpharynx,Mann-Whitney U,4930.0,1.0456065262626414e-12,2,"['Larynx', 'Pharynx']","[np.float64(0.44758976425420555), np.float64(0.7347092604048258)]",308
HLA-DR,larynxpharynx,Mann-Whitney U,5024.0,2.676177294219701e-12,2,"['Larynx', 'Pharynx']","[np.float64(0.4244744337918451), np.float64(0.6053884841277427)]",308
CD45RA,larynxpharynx,Mann-Whitney U,5056.0,3.6711220766037136e-12,2,"['Larynx', 'Pharynx']","[np.float64(0.29225469793557657), np.float64(0.4039767017635987)]",308
CD8,hpvstatus,Kruskal-Wallis,50.906265946817484,8.82764383380325e-12,3,"[np.float64(5.0), np.float64(0.0), np.float64(1.0)]","[np.float64(0.45848190842598013), np.float64(0.5478103830182101), np.float64(0.8062842471942544)]",308
CD45RA,hpvstatus,Kruskal-Wallis,45.98073792265791,1.036118965296032e-10,3,"[np.float64(5.0), np.float64(0.0), np.float64(1.0)]","[np.float64(0.29478942713778566), np.float64(0.3464924888170701), np.float64(0.44399584602538655)]",308
Ki67,hpvstatus,Kruskal-Wallis,45.33008426612287,1.4344891558517947e-10,3,"[np.float64(5.0), np.float64(0.0), np.float64(1.0)]","[np.float64(0.5065828088144311), np.float64(0.5293733527356784), np.float64(0.773057968880045)]",308
CD4,larynxpharynx,Mann-Whitney U,5635.0,8.005962678084919e-10,2,"['Larynx', 'Pharynx']","[np.float64(0.36081180418393743), np.float64(0.44235084307745526)]",308
ICOS,larynxpharynx,Mann-Whitney U,5734.0,1.886911800201114e-09,2,"['Larynx', 'Pharynx']","[np.float64(0.24422137080469997), np.float64(0.2675090360933191)]",308
CD45RO,survival_status,Mann-Whitney U,6133.0,1.9765846979508694e-09,2,"[np.float64(1.0), np.float64(0.0)]","[np.float64(0.5156046206130298), np.float64(0.6891893359654824)]",308
CD45RO,larynxpharynx,Mann-Whitney U,5784.0,2.8890313322311905e-09,2,"['Larynx', 'Pharynx']","[np.float64(0.492700619955046), np.float64(0.6847252095917973)]",308
PD1,larynxpharynx,Mann-Whitney U,5873.0,6.095294275080604e-09,2,"['Larynx', 'Pharynx']","[np.float64(0.23157346310839474), np.float64(0.2418330523627472)]",308
CD45RO,hpvstatus,Kruskal-Wallis,36.15936208408766,1.4063528216403339e-08,3,"[np.float64(5.0), np.float64(0.0), np.float64(1.0)]","[np.float64(0.5297675175985771), np.float64(0.6068429593422997), np.float64(0.7111491617220267)]",308
CD45,larynxpharynx,Mann-Whitney U,6102.0,3.8863531197892164e-08,2,"['Larynx', 'Pharynx']","[np.float64(0.5793834432007363), np.float64(0.7360706776557493)]",308
GranzymeB,larynxpharynx,Mann-Whitney U,6194.0,7.956558772594809e-08,2,"['Larynx', 'Pharynx']","[np.float64(0.24317771828315776), np.float64(0.2672980153291794)]",308
ICOS,hpvstatus,Kruskal-Wallis,31.68137978943389,1.3197017396306468e-07,3,"[np.float64(5.0), np.float64(0.0), np.float64(1.0)]","[np.float64(0.24544852599766726), np.float64(0.25935857952267305), np.float64(0.2713824473506503)]",308
CD4,hpvstatus,Kruskal-Wallis,31.320443517806098,1.580709650446478e-07,3,"[np.float64(5.0), np.float64(0.0), np.float64(1.0)]","[np.float64(0.36299296489968974), np.float64(0.4218112111363636), np.float64(0.45241465873802655)]",308
HLA-DR,hpvstatus,Kruskal-Wallis,28.430641773889192,6.704471983804583e-07,3,"[np.float64(5.0), np.float64(0.0), np.float64(1.0)]","[np.float64(0.45812081351029965), np.float64(0.5318200744684386), np.float64(0.6121523942924154)]",308
CD11c,larynxpharynx,Mann-Whitney U,6505.0,7.974340403040655e-07,2,"['Larynx', 'Pharynx']","[np.float64(0.25343006422949244), np.float64(0.27205133083043365)]",308
CD20,larynxpharynx,Mann-Whitney U,6514.0,8.501448542867963e-07,2,"['Larynx', 'Pharynx']","[np.float64(0.3417935893217816), np.float64(0.4143595991667942)]",308
CD3e,alcoholhx,Kruskal-Wallis,32.833734546913774,1.291859178836007e-06,5,"[np.float64(5.0), np.float64(3.0), np.float64(1.0), np.float64(0.0), np.float64(2.0)]","[np.float64(0.3523235244787576), np.float64(0.39813017794157973), np.float64(0.38543573750873494), np.float64(0.4107856476370165), np.float64(0.6094199230245574)]",308
HLA-DR,survival_status,Mann-Whitney U,7100.0,2.754864960345511e-06,2,"[np.float64(1.0), np.float64(0.0)]","[np.float64(0.45340840808314087), np.float64(0.5891172518804708)]",308
PD1,hpvstatus,Kruskal-Wallis,24.178513836814318,5.619561520267785e-06,3,"[np.float64(5.0), np.float64(0.0), np.float64(1.0)]","[np.float64(0.2329494477705828), np.float64(0.23452476964392535), np.float64(0.24276874173470292)]",308
CD3e,survival_status,Mann-Whitney U,7220.0,6.023661955062984e-06,2,"[np.float64(1.0), np.float64(0.0)]","[np.float64(0.3523235244787576), np.float64(0.4476149515799337)]",308
CD20,hpvstatus,Kruskal-Wallis,23.77787869219128,6.8659280229535795e-06,3,"[np.float64(5.0), np.float64(0.0), np.float64(1.0)]","[np.float64(0.3417429191712013), np.float64(0.40306480448206006), np.float64(0.42014435372692793)]",308
Ki67,smokinghx,Kruskal-Wallis,23.5257348495079,7.788459861490781e-06,3,"[np.float64(2.0), np.float64(1.0), np.float64(0.0)]","[np.float64(0.5551268925412042), np.float64(0.5748008349035442), np.float64(0.8218727765897682)]",308
GranzymeB,hpvstatus,Kruskal-Wallis,23.131448353761925,9.485709292969048e-06,3,"[np.float64(5.0), np.float64(0.0), np.float64(1.0)]","[np.float64(0.24605124335698692), np.float64(0.2590947583207225), np.float64(0.2689843433004831)]",308
CD20,survival_status,Mann-Whitney U,7342.0,1.3000082694985783e-05,2,"[np.float64(1.0), np.float64(0.0)]","[np.float64(0.34302525811197143), np.float64(0.41083359172036654)]",308
CD8,survival_status,Mann-Whitney U,7362.0,1.4710435483660805e-05,2,"[np.float64(1.0), np.float64(0.0)]","[np.float64(0.5170276297829307), np.float64(0.6958754662502169)]",308
CD45RA,survival_status,Mann-Whitney U,7439.0,2.3519735405183045e-05,2,"[np.float64(1.0), np.float64(0.0)]","[np.float64(0.31205649293957405), np.float64(0.38148318773489936)]",308
CD4,alcoholhx,Kruskal-Wallis,26.54234112535562,2.459594158308794e-05,5,"[np.float64(5.0), np.float64(3.0), np.float64(1.0), np.float64(0.0), np.float64(2.0)]","[np.float64(0.38978167371774547), np.float64(0.42028699768891076), np.float64(0.3874918000677546), np.float64(0.4065907044301831), np.float64(0.509086337358804)]",308
CD11c,hpvstatus,Kruskal-Wallis,20.283957066539756,3.939078968727486e-05,3,"[np.float64(5.0), np.float64(0.0), np.float64(1.0)]","[np.float64(0.25586932383042393), np.float64(0.2662186811817125), np.float64(0.27309585202263525)]",308
Podoplanin,hpvstatus,Kruskal-Wallis,19.65310840502707,5.399850470057247e-05,3,"[np.float64(5.0), np.float64(0.0), np.float64(1.0)]","[np.float64(0.44700386615281384), np.float64(0.5713995539040767), np.float64(0.4159014615617235)]",308
CD16,hpvstatus,Kruskal-Wallis,19.41428262598663,6.084740939909932e-05,3,"[np.float64(5.0), np.float64(0.0), np.float64(1.0)]","[np.float64(0.24259147847597595), np.float64(0.267035387984456), np.float64(0.2481981577533136)]",308
CD4,survival_status,Mann-Whitney U,7603.0,6.171857189136245e-05,2,"[np.float64(1.0), np.float64(0.0)]","[np.float64(0.3838923063776071), np.float64(0.4316478558832392)]",308
CD8,alcoholhx,Kruskal-Wallis,24.192734565004457,7.307440440727154e-05,5,"[np.float64(5.0), np.float64(3.0), np.float64(1.0), np.float64(0.0), np.float64(2.0)]","[np.float64(0.47401177984319864), np.float64(0.57229162808202), np.float64(0.5980869422855111), np.float64(0.5939833699056247), np.float64(0.8743437449667588)]",308
CD45RO,alcoholhx,Kruskal-Wallis,24.103252524363143,7.615700309410463e-05,5,"[np.float64(5.0), np.float64(3.0), np.float64(1.0), np.float64(0.0), np.float64(2.0)]","[np.float64(0.5488593701326765), np.float64(0.6021319490466264), np.float64(0.5663535740109438), np.float64(0.6127959084087291), np.float64(0.744939705123723)]",308
HLA-DR,alcoholhx,Kruskal-Wallis,23.536301525099248,9.892021774719466e-05,5,"[np.float64(5.0), np.float64(3.0), np.float64(1.0), np.float64(0.0), np.float64(2.0)]","[np.float64(0.46033998194038767), np.float64(0.5600309452806642), np.float64(0.5206997854423937), np.float64(0.575822004543595), np.float64(0.6329166586293273)]",308
CD20,alcoholhx,Kruskal-Wallis,23.20030399143252,0.0001154765454085827,5,"[np.float64(5.0), np.float64(3.0), np.float64(1.0), np.float64(0.0), np.float64(2.0)]","[np.float64(0.34418582893459954), np.float64(0.37247795226258495), np.float64(0.33898493272318514), np.float64(0.3899137741227227), np.float64(0.448602939613023)]",308
CD45RA,alcoholhx,Kruskal-Wallis,22.513203317010266,0.00015837626123171855,5,"[np.float64(5.0), np.float64(3.0), np.float64(1.0), np.float64(0.0), np.float64(2.0)]","[np.float64(0.3045819873291675), np.float64(0.3468381883004138), np.float64(0.34119324362782444), np.float64(0.33557866638532), np.float64(0.4963901406342547)]",308
ICOS,survival_status,Mann-Whitney U,7781.0,0.00016672065351072864,2,"[np.float64(1.0), np.float64(0.0)]","[np.float64(0.24869770345368913), np.float64(0.2654504971943888)]",308
CD117,hpvstatus,Kruskal-Wallis,17.31528072258004,0.00017379391429845636,3,"[np.float64(5.0), np.float64(0.0), np.float64(1.0)]","[np.float64(0.2473719898642534), np.float64(0.2724404711998846), np.float64(0.25653357401811516)]",308
CD69,hpvstatus,Kruskal-Wallis,16.72387158639299,0.00023359171057396323,3,"[np.float64(5.0), np.float64(0.0), np.float64(1.0)]","[np.float64(0.31073975677061677), np.float64(0.3674909232794924), np.float64(0.2974267315867884)]",308
CD45,hpvstatus,Kruskal-Wallis,16.556486899629476,0.0002539829422200708,3,"[np.float64(5.0), np.float64(0.0), np.float64(1.0)]","[np.float64(0.6056506738354979), np.float64(0.624481782590432), np.float64(0.7360706776557493)]",308
CD38,hpvstatus,Kruskal-Wallis,15.834833885841249,0.0003643422288352592,3,"[np.float64(5.0), np.float64(0.0), np.float64(1.0)]","[np.float64(0.24331375332853025), np.float64(0.2671937109806749), np.float64(0.2463774414311932)]",308
CD45RO,smokinghx,Kruskal-Wallis,15.44367263077595,0.0004430462837489533,3,"[np.float64(2.0), np.float64(1.0), np.float64(0.0)]","[np.float64(0.5672755123113253), np.float64(0.6462629041082021), np.float64(0.7440327175022778)]",308
CD56,hpvstatus,Kruskal-Wallis,14.938152676625009,0.0005704549610023992,3,"[np.float64(5.0), np.float64(0.0), np.float64(1.0)]","[np.float64(0.2716187351331361), np.float64(0.3075260453827751), np.float64(0.28294506583360557)]",308
PDL1,larynxpharynx,Mann-Whitney U,7584.0,0.0005886606074467475,2,"['Larynx', 'Pharynx']","[np.float64(0.2343421230960125), np.float64(0.23926673313855032)]",308
GranzymeB,survival_status,Mann-Whitney U,8106.0,0.0008874073412078539,2,"[np.float64(1.0), np.float64(0.0)]","[np.float64(0.24872000136068764), np.float64(0.2639925246922832)]",308
CollagenIV,alcoholhx,Kruskal-Wallis,18.632118006721726,0.0009281128789633327,5,"[np.float64(5.0), np.float64(3.0), np.float64(1.0), np.float64(0.0), np.float64(2.0)]","[np.float64(0.26312520825745683), np.float64(0.2903175568192615), np.float64(0.2575795122790088), np.float64(0.2773193785371081), np.float64(0.2647798913502712)]",308
Podoplanin,alcoholhx,Kruskal-Wallis,18.211604023381028,0.0011219440985328866,5,"[np.float64(5.0), np.float64(3.0), np.float64(1.0), np.float64(0.0), np.float64(2.0)]","[np.float64(0.5089712080725161), np.float64(0.46276754273686715), np.float64(0.3508524781495045), np.float64(0.45401484373082224), np.float64(0.468059905577237)]",308
PDL1,hpvstatus,Kruskal-Wallis,12.899116142788102,0.0015812208010563512,3,"[np.float64(5.0), np.float64(0.0), np.float64(1.0)]","[np.float64(0.23469804062272542), np.float64(0.23961148518205652), np.float64(0.23949699651248063)]",308
CD34,hpvstatus,Kruskal-Wallis,12.74955315310774,0.001704000466932091,3,"[np.float64(5.0), np.float64(0.0), np.float64(1.0)]","[np.float64(0.2902495791554524), np.float64(0.339924013677531), np.float64(0.3186321865395818)]",308
Ki67,survival_status,Mann-Whitney U,8253.0,0.001780300683561903,2,"[np.float64(1.0), np.float64(0.0)]","[np.float64(0.5537395307986606), np.float64(0.6609791848258734)]",308
CD117,smokinghx,Kruskal-Wallis,12.329847868137108,0.0021018782398351155,3,"[np.float64(2.0), np.float64(1.0), np.float64(0.0)]","[np.float64(0.24931785772003354), np.float64(0.26397519724223406), np.float64(0.25178893033675326)]",308
FoxP3,hpvstatus,Kruskal-Wallis,11.983099247399082,0.00249978731756838,3,"[np.float64(5.0), np.float64(0.0), np.float64(1.0)]","[np.float64(0.3015249431714453), np.float64(0.3424669296795389), np.float64(0.3067900973539929)]",308
CD14,larynxpharynx,Mann-Whitney U,7886.0,0.002551430371521882,2,"['Larynx', 'Pharynx']","[np.float64(0.4018585104596891), np.float64(0.4829535521902357)]",308
CD34,larynxpharynx,Mann-Whitney U,7905.0,0.0027827051888257627,2,"['Larynx', 'Pharynx']","[np.float64(0.2942140654475709), np.float64(0.3173861902751443)]",308
ICOS,alcoholhx,Kruskal-Wallis,16.13834793081628,0.0028390301582585844,5,"[np.float64(5.0), np.float64(3.0), np.float64(1.0), np.float64(0.0), np.float64(2.0)]","[np.float64(0.2544527875011945), np.float64(0.2561885445048875), np.float64(0.24958406068549), np.float64(0.25791111381896153), np.float64(0.2722717145294422)]",308
CD68,alcoholhx,Kruskal-Wallis,15.37254989283997,0.003987739464687846,5,"[np.float64(5.0), np.float64(3.0), np.float64(1.0), np.float64(0.0), np.float64(2.0)]","[np.float64(0.39629440862833354), np.float64(0.4328679992827678), np.float64(0.3801819743491852), np.float64(0.40583008594892767), np.float64(0.4226333070658855)]",308
CD57,hpvstatus,Kruskal-Wallis,10.970182787135172,0.0041481559471874775,3,"[np.float64(5.0), np.float64(0.0), np.float64(1.0)]","[np.float64(0.28117240067360255), np.float64(0.30163501565595857), np.float64(0.2862880962298504)]",308
CD49f,hpvstatus,Kruskal-Wallis,10.840336843182286,0.004426401083535185,3,"[np.float64(5.0), np.float64(0.0), np.float64(1.0)]","[np.float64(0.3390457001466679), np.float64(0.39656533967575225), np.float64(0.3292916007362543)]",308
CD152,larynxpharynx,Mann-Whitney U,8011.0,0.004462184713376521,2,"['Larynx', 'Pharynx']","[np.float64(0.22856155666166433), np.float64(0.23197057905977095)]",308
p16,hpvstatus,Kruskal-Wallis,10.819911959931119,0.004471837057436998,3,"[np.float64(5.0), np.float64(0.0), np.float64(1.0)]","[np.float64(0.23370045093638048), np.float64(0.24528497803470253), np.float64(0.24032568775744975)]",308
Ki67,alcoholhx,Kruskal-Wallis,14.903692929297335,0.004905189608109501,5,"[np.float64(5.0), np.float64(3.0), np.float64(1.0), np.float64(0.0), np.float64(2.0)]","[np.float64(0.5209236149972306), np.float64(0.5495018794523276), np.float64(0.7473919187644598), np.float64(0.7200029100253087), np.float64(0.6098250298523847)]",308
CD11c,smokinghx,Kruskal-Wallis,10.53573149908766,0.005154600049218069,3,"[np.float64(2.0), np.float64(1.0), np.float64(0.0)]","[np.float64(0.2632555642885038), np.float64(0.2662186811817125), np.float64(0.27619616913387135)]",308
PD1,alcoholhx,Kruskal-Wallis,14.596416924014193,0.005615813517102896,5,"[np.float64(5.0), np.float64(3.0), np.float64(1.0), np.float64(0.0), np.float64(2.0)]","[np.float64(0.23425516558206796), np.float64(0.2371155970446776), np.float64(0.23490592101061644), np.float64(0.23747793024672403), np.float64(0.24470118115839243)]",308
CD4,smokinghx,Kruskal-Wallis,10.179325382051843,0.006160097392900359,3,"[np.float64(2.0), np.float64(1.0), np.float64(0.0)]","[np.float64(0.3944991674705747), np.float64(0.4308674839629428), np.float64(0.45843056775740243)]",308
aSMA,survival_status,Mann-Whitney U,12524.0,0.007670475227845858,2,"[np.float64(1.0), np.float64(0.0)]","[np.float64(0.35996811814839247), np.float64(0.3070900201661112)]",308
p16,larynxpharynx,Mann-Whitney U,8144.0,0.007844320337823257,2,"['Larynx', 'Pharynx']","[np.float64(0.23347604557721108), np.float64(0.24068001135393)]",308
CD134,hpvstatus,Kruskal-Wallis,9.436610895341346,0.008930298592249796,3,"[np.float64(5.0), np.float64(0.0), np.float64(1.0)]","[np.float64(0.2371568170660397), np.float64(0.24898270420207255), np.float64(0.2441809799321581)]",308
CD11b,hpvstatus,Kruskal-Wallis,9.274438572584813,0.00968459029278724,3,"[np.float64(5.0), np.float64(0.0), np.float64(1.0)]","[np.float64(0.4095324101103368), np.float64(0.44898996757718557), np.float64(0.38224273247274243)]",308
GranzymeB,alcoholhx,Kruskal-Wallis,13.267692882589245,0.010039232596231924,5,"[np.float64(5.0), np.float64(3.0), np.float64(1.0), np.float64(0.0), np.float64(2.0)]","[np.float64(0.25018436209004796), np.float64(0.25932759054462096), np.float64(0.2566094709879142), np.float64(0.2516340526701892), np.float64(0.27014551003960996)]",308
HLA-DR,smokinghx,Kruskal-Wallis,9.191061934875847,0.01009685825448288,3,"[np.float64(2.0), np.float64(1.0), np.float64(0.0)]","[np.float64(0.5193477182102908), np.float64(0.5799724070192599), np.float64(0.5947869510239053)]",308
ICOS,smokinghx,Kruskal-Wallis,9.021644787343234,0.010989418830043106,3,"[np.float64(2.0), np.float64(1.0), np.float64(0.0)]","[np.float64(0.25274178501149425), np.float64(0.26051615080225987), np.float64(0.277846696713085)]",308
PD1,survival_status,Mann-Whitney U,8717.0,0.012582847224655146,2,"[np.float64(1.0), np.float64(0.0)]","[np.float64(0.23425516558206796), np.float64(0.2404988082079407)]",308
CD56,survival_status,Mann-Whitney U,8729.0,0.013171861723845475,2,"[np.float64(1.0), np.float64(0.0)]","[np.float64(0.27270127799297833), np.float64(0.28926419155824923)]",308
CD68,larynxpharynx,Mann-Whitney U,8296.0,0.014384996241078822,2,"['Larynx', 'Pharynx']","[np.float64(0.3856146713421962), np.float64(0.41353593651783616)]",308
CD20,smokinghx,Kruskal-Wallis,7.909183892885721,0.019166487907745163,3,"[np.float64(2.0), np.float64(1.0), np.float64(0.0)]","[np.float64(0.3561089095020955), np.float64(0.38008379488332805), np.float64(0.45235928899390787)]",308
CD3e,smokinghx,Kruskal-Wallis,7.594006378666222,0.022437913378857272,3,"[np.float64(2.0), np.float64(1.0), np.float64(0.0)]","[np.float64(0.3792304752682927), np.float64(0.425769180132714), np.float64(0.4322665198693143)]",308
Podoplanin,smokinghx,Kruskal-Wallis,7.576090610067922,0.02263981255545867,3,"[np.float64(2.0), np.float64(1.0), np.float64(0.0)]","[np.float64(0.4354114129027715), np.float64(0.4687784214301892), np.float64(0.5468804253842778)]",308
CD21,larynxpharynx,Mann-Whitney U,8421.0,0.022976654610679288,2,"['Larynx', 'Pharynx']","[np.float64(0.32607104086514854), np.float64(0.35710026918528154)]",308
Vimentin,alcoholhx,Kruskal-Wallis,11.26746592361144,0.023716950510728346,5,"[np.float64(5.0), np.float64(3.0), np.float64(1.0), np.float64(0.0), np.float64(2.0)]","[np.float64(1.016969966292646), np.float64(1.0883900504821653), np.float64(1.0963018711219763), np.float64(0.8691443170543429), np.float64(0.869101970944164)]",308
CD38,larynxpharynx,Mann-Whitney U,8437.0,0.02434809715962387,2,"['Larynx', 'Pharynx']","[np.float64(0.24478786835785035), np.float64(0.2485466631739156)]",308
CD134,survival_status,Mann-Whitney U,8939.0,0.02821444673400592,2,"[np.float64(1.0), np.float64(0.0)]","[np.float64(0.23723210107206671), np.float64(0.24184546075179658)]",308
PDL1,survival_status,Mann-Whitney U,8944.0,0.02870525495414136,2,"[np.float64(1.0), np.float64(0.0)]","[np.float64(0.2351899458691835), np.float64(0.23818566346999132)]",308
CD8,smokinghx,Kruskal-Wallis,7.0862674290874565,0.028922549906322998,3,"[np.float64(2.0), np.float64(1.0), np.float64(0.0)]","[np.float64(0.5519359236295807), np.float64(0.6806962649911934), np.float64(0.721954299183565)]",308
CD56,larynxpharynx,Mann-Whitney U,8488.0,0.029203395816484935,2,"['Larynx', 'Pharynx']","[np.float64(0.2789616129460052), np.float64(0.2846065142130111)]",308
CD49f,smokinghx,Kruskal-Wallis,6.990814800424005,0.03033638686829887,3,"[np.float64(2.0), np.float64(1.0), np.float64(0.0)]","[np.float64(0.3342767689221742), np.float64(0.33415745427265425), np.float64(0.3699854909867092)]",308
CD15,hpvstatus,Kruskal-Wallis,6.91026024001485,0.03158319448320759,3,"[np.float64(5.0), np.float64(0.0), np.float64(1.0)]","[np.float64(0.48066084568404616), np.float64(0.525698876046832), np.float64(0.453971117993326)]",308
CD38,survival_status,Mann-Whitney U,8973.0,0.03169932188229571,2,"[np.float64(1.0), np.float64(0.0)]","[np.float64(0.24331375332853025), np.float64(0.24864293131722467)]",308
CD117,larynxpharynx,Mann-Whitney U,8529.0,0.03368998166587112,2,"['Larynx', 'Pharynx']","[np.float64(0.2501085496176383), np.float64(0.2566939833805214)]",308
CollagenIV,survival_status,Mann-Whitney U,12104.0,0.03602482988685418,2,"[np.float64(1.0), np.float64(0.0)]","[np.float64(0.2761211939471354), np.float64(0.2636092176808565)]",308
CollagenIV,larynxpharynx,Mann-Whitney U,8567.0,0.03836216013604082,2,"['Larynx', 'Pharynx']","[np.float64(0.2626652867807723), np.float64(0.27192731328171904)]",308
CD45RA,smokinghx,Kruskal-Wallis,6.449364733012885,0.03976841134972582,3,"[np.float64(2.0), np.float64(1.0), np.float64(0.0)]","[np.float64(0.33591575290356634), np.float64(0.36423739812064343), np.float64(0.42277375615151325)]",308
CD31,alcoholhx,Kruskal-Wallis,9.998344927500511,0.0404555707018864,5,"[np.float64(5.0), np.float64(3.0), np.float64(1.0), np.float64(0.0), np.float64(2.0)]","[np.float64(0.36054618156224577), np.float64(0.39643365353298876), np.float64(0.3512757494815598), np.float64(0.33679391750084714), np.float64(0.4105815204116356)]",308
CD21,alcoholhx,Kruskal-Wallis,9.961601857640972,0.0410794848058364,5,"[np.float64(5.0), np.float64(3.0), np.float64(1.0), np.float64(0.0), np.float64(2.0)]","[np.float64(0.33640643748777543), np.float64(0.33433166592305263), np.float64(0.3351483765181533), np.float64(0.33162367463151665), np.float64(0.39415768518686867)]",308
CD14,alcoholhx,Kruskal-Wallis,9.875352597393658,0.04258051871919259,5,"[np.float64(5.0), np.float64(3.0), np.float64(1.0), np.float64(0.0), np.float64(2.0)]","[np.float64(0.44008311567560665), np.float64(0.5063688511921818), np.float64(0.42096960083992285), np.float64(0.42385845099732045), np.float64(0.519856168822314)]",308
CD15,alcoholhx,Kruskal-Wallis,9.7598274342688,0.044673641393525115,5,"[np.float64(5.0), np.float64(3.0), np.float64(1.0), np.float64(0.0), np.float64(2.0)]","[np.float64(0.46489667598882256), np.float64(0.561051074847164), np.float64(0.5437507918961983), np.float64(0.42290547173709914), np.float64(0.5287491074168018)]",308
CD117,alcoholhx,Kruskal-Wallis,9.565054802675718,0.048427543450926036,5,"[np.float64(5.0), np.float64(3.0), np.float64(1.0), np.float64(0.0), np.float64(2.0)]","[np.float64(0.25496538314941614), np.float64(0.25621031796213123), np.float64(0.24742408969837415), np.float64(0.2583880704332314), np.float64(0.26160231279355334)]",308
Vimentin,smokinghx,Kruskal-Wallis,6.030668305964241,0.049029449412708426,3,"[np.float64(2.0), np.float64(1.0), np.float64(0.0)]","[np.float64(1.0391003057157635), np.float64(0.9056372500053546), np.float64(0.874920464825788)]",308
CD152,hpvstatus,Kruskal-Wallis,5.851269469213776,0.05363063988374902,3,"[np.float64(5.0), np.float64(0.0), np.float64(1.0)]","[np.float64(0.2290873681797197), np.float64(0.2307485890698587), np.float64(0.2315070755356002)]",308
CD16,smokinghx,Kruskal-Wallis,5.678241289125481,0.058477065487455064,3,"[np.float64(2.0), np.float64(1.0), np.float64(0.0)]","[np.float64(0.2450976780566728), np.float64(0.2580280466414237), np.float64(0.2500289270696211)]",308
CD69,alcoholhx,Kruskal-Wallis,8.869451638263513,0.06444670040584802,5,"[np.float64(5.0), np.float64(3.0), np.float64(1.0), np.float64(0.0), np.float64(2.0)]","[np.float64(0.333587877457287), np.float64(0.2931571693535476), np.float64(0.288405742215853), np.float64(0.3067409587557345), np.float64(0.3109283637773209)]",308
CD16,larynxpharynx,Mann-Whitney U,8736.0,0.06633573751550019,2,"['Larynx', 'Pharynx']","[np.float64(0.2430180024506577), np.float64(0.2508940595065501)]",308
CD34,survival_status,Mann-Whitney U,9210.0,0.06773463333750046,2,"[np.float64(1.0), np.float64(0.0)]","[np.float64(0.3009010896717582), np.float64(0.31857383329215117)]",308
PD1,smokinghx,Kruskal-Wallis,5.360002921856108,0.06856305398851573,3,"[np.float64(2.0), np.float64(1.0), np.float64(0.0)]","[np.float64(0.23605191520046484), np.float64(0.2413141314599451), np.float64(0.23974395381517072)]",308
TMEM16A,hpvstatus,Kruskal-Wallis,5.359243961437414,0.06858907724794042,3,"[np.float64(5.0), np.float64(0.0), np.float64(1.0)]","[np.float64(0.37289772869782006), np.float64(0.4148890252934674), np.float64(0.35960694303985996)]",308
CD21,hpvstatus,Kruskal-Wallis,5.3230975200009425,0.06983997258433566,3,"[np.float64(5.0), np.float64(0.0), np.float64(1.0)]","[np.float64(0.32603290784698713), np.float64(0.3534438688373206), np.float64(0.361775368208222)]",308
CD69,larynxpharynx,Mann-Whitney U,11312.0,0.08156688109724158,2,"['Larynx', 'Pharynx']","[np.float64(0.31952935930332427), np.float64(0.30541458561362034)]",308
CD56,smokinghx,Kruskal-Wallis,4.954876017592028,0.08395805007126408,3,"[np.float64(2.0), np.float64(1.0), np.float64(0.0)]","[np.float64(0.27517494247118157), np.float64(0.2872189112159485), np.float64(0.2912264022386233)]",308
CD14,survival_status,Mann-Whitney U,9292.0,0.08624227620618984,2,"[np.float64(1.0), np.float64(0.0)]","[np.float64(0.4250373882251988), np.float64(0.46578665634179683)]",308
CollagenIV,hpvstatus,Kruskal-Wallis,4.8344976104638135,0.089166594984032,3,"[np.float64(5.0), np.float64(0.0), np.float64(1.0)]","[np.float64(0.26818914200288185), np.float64(0.27824470410071944), np.float64(0.26419455451556384)]",308
CD11b,alcoholhx,Kruskal-Wallis,7.701708139854645,0.10313677246679796,5,"[np.float64(5.0), np.float64(3.0), np.float64(1.0), np.float64(0.0), np.float64(2.0)]","[np.float64(0.42534096313612313), np.float64(0.4094850025218928), np.float64(0.4127501551405499), np.float64(0.34908167734533524), np.float64(0.3946078847033568)]",308
CD15,larynxpharynx,Mann-Whitney U,11208.0,0.11022912821797992,2,"['Larynx', 'Pharynx']","[np.float64(0.5196529884710512), np.float64(0.4686812944044988)]",308
TMEM16A,smokinghx,Kruskal-Wallis,4.399398591119848,0.11083648237411593,3,"[np.float64(2.0), np.float64(1.0), np.float64(0.0)]","[np.float64(0.3670202638105975), np.float64(0.35915503008450705), np.float64(0.3870416407778991)]",308
FoxP3,smokinghx,Kruskal-Wallis,4.3920342300759785,0.11124535461936955,3,"[np.float64(2.0), np.float64(1.0), np.float64(0.0)]","[np.float64(0.30227019333576266), np.float64(0.31966317907969816), np.float64(0.3255790461328494)]",308
CD45,survival_status,Mann-Whitney U,9385.0,0.11196165654773828,2,"[np.float64(1.0), np.float64(0.0)]","[np.float64(0.6171343411531384), np.float64(0.6825111512785448)]",308
CD31,larynxpharynx,Mann-Whitney U,8917.0,0.113043800567625,2,"['Larynx', 'Pharynx']","[np.float64(0.3564006041009437), np.float64(0.37838504997703115)]",308
CD38,alcoholhx,Kruskal-Wallis,7.239967148191795,0.12373755795088082,5,"[np.float64(5.0), np.float64(3.0), np.float64(1.0), np.float64(0.0), np.float64(2.0)]","[np.float64(0.24705634066415763), np.float64(0.24719672010120153), np.float64(0.24165029747933006), np.float64(0.24780260918383812), np.float64(0.25172479745879506)]",308
CD34,alcoholhx,Kruskal-Wallis,7.168366121349209,0.12725387815479577,5,"[np.float64(5.0), np.float64(3.0), np.float64(1.0), np.float64(0.0), np.float64(2.0)]","[np.float64(0.3057437058890926), np.float64(0.3189202235378189), np.float64(0.2942140654475709), np.float64(0.31369732775010384), np.float64(0.32953770050710507)]",308
CD38,smokinghx,Kruskal-Wallis,4.096376958986184,0.12896832086186574,3,"[np.float64(2.0), np.float64(1.0), np.float64(0.0)]","[np.float64(0.24580996420951465), np.float64(0.24910779862677074), np.float64(0.25095634122303623)]",308
aSMA,larynxpharynx,Mann-Whitney U,11144.0,0.1314931637630608,2,"['Larynx', 'Pharynx']","[np.float64(0.3316579848479323), np.float64(0.31205720767839895)]",308
CD11b,larynxpharynx,Mann-Whitney U,11132.0,0.13581282772775233,2,"['Larynx', 'Pharynx']","[np.float64(0.4204108577961), np.float64(0.3943860642420326)]",308
CD49f,alcoholhx,Kruskal-Wallis,6.827159560703649,0.14530886790129563,5,"[np.float64(5.0), np.float64(3.0), np.float64(1.0), np.float64(0.0), np.float64(2.0)]","[np.float64(0.3571742242844873), np.float64(0.3439747813041119), np.float64(0.31586271339287864), np.float64(0.32606825614081325), np.float64(0.3506531173674529)]",308
CD47,hpvstatus,Kruskal-Wallis,3.7621217400484284,0.1524283133232403,3,"[np.float64(5.0), np.float64(0.0), np.float64(1.0)]","[np.float64(0.24538588500707464), np.float64(0.25740071197141157), np.float64(0.24521450553801916)]",308
GranzymeB,smokinghx,Kruskal-Wallis,3.733371914105419,0.15463528154620643,3,"[np.float64(2.0), np.float64(1.0), np.float64(0.0)]","[np.float64(0.2558527886402176), np.float64(0.2639925246922832), np.float64(0.26012840802942483)]",308
CD16,alcoholhx,Kruskal-Wallis,6.579268338311863,0.15986385773644612,5,"[np.float64(5.0), np.float64(3.0), np.float64(1.0), np.float64(0.0), np.float64(2.0)]","[np.float64(0.2482566320383275), np.float64(0.2540285595362808), np.float64(0.24193368658797332), np.float64(0.24813870991151415), np.float64(0.2532232008114886)]",308
TMEM16A,larynxpharynx,Mann-Whitney U,11016.0,0.1833894236338628,2,"['Larynx', 'Pharynx']","[np.float64(0.3731384642873153), np.float64(0.36288872702672037)]",308
CD31,survival_status,Mann-Whitney U,9579.0,0.18472727716291282,2,"[np.float64(1.0), np.float64(0.0)]","[np.float64(0.3572057232461039), np.float64(0.3817540486018051)]",308
FoxP3,survival_status,Mann-Whitney U,9579.0,0.18472727716291282,2,"[np.float64(1.0), np.float64(0.0)]","[np.float64(0.3037609196426413), np.float64(0.315494863146425)]",308
CD15,survival_status,Mann-Whitney U,9586.0,0.18789016738569175,2,"[np.float64(1.0), np.float64(0.0)]","[np.float64(0.4561229728077035), np.float64(0.5167577849146985)]",308
CD11c,survival_status,Mann-Whitney U,9598.0,0.1934049474106585,2,"[np.float64(1.0), np.float64(0.0)]","[np.float64(0.26508970360937223), np.float64(0.269809073332318)]",308
PDL1,alcoholhx,Kruskal-Wallis,6.0757905732830295,0.19355923311373205,5,"[np.float64(5.0), np.float64(3.0), np.float64(1.0), np.float64(0.0), np.float64(2.0)]","[np.float64(0.23487833248227746), np.float64(0.2369119295223729), np.float64(0.23600573820233128), np.float64(0.23891120350458292), np.float64(0.23969720773964207)]",308
CD45,smokinghx,Kruskal-Wallis,3.2491885714697446,0.1969915812882176,3,"[np.float64(2.0), np.float64(1.0), np.float64(0.0)]","[np.float64(0.654695283671233), np.float64(0.6825111512785448), np.float64(0.6798908148628569)]",308
CD57,smokinghx,Kruskal-Wallis,3.225449596051476,0.1993437020606586,3,"[np.float64(2.0), np.float64(1.0), np.float64(0.0)]","[np.float64(0.28185047379516615), np.float64(0.29167976446496185), np.float64(0.29319677906270764)]",308
CD14,hpvstatus,Kruskal-Wallis,3.1829911101726793,0.20362085769338054,3,"[np.float64(5.0), np.float64(0.0), np.float64(1.0)]","[np.float64(0.4067129988733281), np.float64(0.484427141392563), np.float64(0.46796440713696486)]",308
CD134,larynxpharynx,Mann-Whitney U,9147.0,0.20584000988363138,2,"['Larynx', 'Pharynx']","[np.float64(0.23793999175704938), np.float64(0.24329001952841917)]",308
TMEM16A,alcoholhx,Kruskal-Wallis,5.907194032737607,0.20618711138117252,5,"[np.float64(5.0), np.float64(3.0), np.float64(1.0), np.float64(0.0), np.float64(2.0)]","[np.float64(0.389459365434238), np.float64(0.37072979836966913), np.float64(0.3530873225371061), np.float64(0.3537874383958112), np.float64(0.37040603877082884)]",308
TMEM16A,survival_status,Mann-Whitney U,9626.0,0.20673324342882993,2,"[np.float64(1.0), np.float64(0.0)]","[np.float64(0.36107697137375816), np.float64(0.37040603877082884)]",308
aSMA,alcoholhx,Kruskal-Wallis,5.799749746958582,0.2146105251442527,5,"[np.float64(5.0), np.float64(3.0), np.float64(1.0), np.float64(0.0), np.float64(2.0)]","[np.float64(0.3441590218653071), np.float64(0.32990222922148893), np.float64(0.30346882686767296), np.float64(0.3245248721226974), np.float64(0.2965729255250773)]",308
CD69,smokinghx,Kruskal-Wallis,3.0345248108911846,0.21931145173110686,3,"[np.float64(2.0), np.float64(1.0), np.float64(0.0)]","[np.float64(0.3094080485819499), np.float64(0.30770758676795584), np.float64(0.32312128117367755)]",308
CD57,larynxpharynx,Mann-Whitney U,9184.0,0.22487070912757312,2,"['Larynx', 'Pharynx']","[np.float64(0.28256242822187805), np.float64(0.2902947250590143)]",308
CD117,survival_status,Mann-Whitney U,9663.0,0.22535136329855854,2,"[np.float64(1.0), np.float64(0.0)]","[np.float64(0.25018453253743106), np.float64(0.256916566230785)]",308
CD152,smokinghx,Kruskal-Wallis,2.9716301007132415,0.22631780507604415,3,"[np.float64(2.0), np.float64(1.0), np.float64(0.0)]","[np.float64(0.2291464016285625), np.float64(0.23171756081771722), np.float64(0.23282006376347564)]",308
CD134,alcoholhx,Kruskal-Wallis,5.653698582305196,0.22654595429936833,5,"[np.float64(5.0), np.float64(3.0), np.float64(1.0), np.float64(0.0), np.float64(2.0)]","[np.float64(0.23917594359566122), np.float64(0.23990542140317522), np.float64(0.2378257170695262), np.float64(0.24078479916506954), np.float64(0.25120863931600745)]",308
PanCK,hpvstatus,Kruskal-Wallis,2.7530194492637747,0.25245816563875056,3,"[np.float64(5.0), np.float64(0.0), np.float64(1.0)]","[np.float64(0.797181869321548), np.float64(0.8832119957790947), np.float64(0.8457758376173322)]",308
CD11c,alcoholhx,Kruskal-Wallis,5.2971683216021574,0.2581421260407381,5,"[np.float64(5.0), np.float64(3.0), np.float64(1.0), np.float64(0.0), np.float64(2.0)]","[np.float64(0.2632555642885038), np.float64(0.2687585721563931), np.float64(0.2621067291738918), np.float64(0.265985938862221), np.float64(0.27325892222350395)]",308
aSMA,smokinghx,Kruskal-Wallis,2.658838929869489,0.2646308441997873,3,"[np.float64(2.0), np.float64(1.0), np.float64(0.0)]","[np.float64(0.33186141794970664), np.float64(0.3187870697287873), np.float64(0.29732463147236543)]",308
Vimentin,survival_status,Mann-Whitney U,11362.0,0.2755524076946101,2,"[np.float64(1.0), np.float64(0.0)]","[np.float64(1.014785468554007), np.float64(0.9450690212446948)]",308
FoxP3,alcoholhx,Kruskal-Wallis,4.948384273860938,0.29263471228216864,5,"[np.float64(5.0), np.float64(3.0), np.float64(1.0), np.float64(0.0), np.float64(2.0)]","[np.float64(0.3306907947731238), np.float64(0.29842121563411794), np.float64(0.2989733856074736), np.float64(0.31607165188881536), np.float64(0.30327997553719754)]",308
CD57,survival_status,Mann-Whitney U,9804.0,0.3071596806599797,2,"[np.float64(1.0), np.float64(0.0)]","[np.float64(0.28396777559584296), np.float64(0.2881769041148915)]",308
CD16,survival_status,Mann-Whitney U,9805.0,0.3078025232568048,2,"[np.float64(1.0), np.float64(0.0)]","[np.float64(0.24698866094476565), np.float64(0.24769386269212088)]",308
p16,survival_status,Mann-Whitney U,9832.0,0.32549567227759235,2,"[np.float64(1.0), np.float64(0.0)]","[np.float64(0.23655932924821005), np.float64(0.24045284432280908)]",308
CD47,alcoholhx,Kruskal-Wallis,4.6065651726958095,0.33009793720297226,5,"[np.float64(5.0), np.float64(3.0), np.float64(1.0), np.float64(0.0), np.float64(2.0)]","[np.float64(0.24902683565536207), np.float64(0.24846826618842432), np.float64(0.24170551869632034), np.float64(0.24576314913664854), np.float64(0.25658602245434353)]",308
CD34,smokinghx,Kruskal-Wallis,2.198118203248441,0.33318442894997763,3,"[np.float64(2.0), np.float64(1.0), np.float64(0.0)]","[np.float64(0.3100636252057661), np.float64(0.310776033874422), np.float64(0.31105074770334556)]",308
Vimentin,hpvstatus,Kruskal-Wallis,2.1206384937561324,0.3463452230474832,3,"[np.float64(5.0), np.float64(0.0), np.float64(1.0)]","[np.float64(1.0349222190645337), np.float64(0.9190627329554263), np.float64(0.9480231453296069)]",308
aSMA,hpvstatus,Kruskal-Wallis,2.1025258522859076,0.34949608253423403,3,"[np.float64(5.0), np.float64(0.0), np.float64(1.0)]","[np.float64(0.32424313979065744), np.float64(0.3314545517461579), np.float64(0.3047437600129965)]",308
CD49f,survival_status,Mann-Whitney U,9891.0,0.36641298123807753,2,"[np.float64(1.0), np.float64(0.0)]","[np.float64(0.3313233922592862), np.float64(0.3446352730868685)]",308
CD69,survival_status,Mann-Whitney U,9898.0,0.3714719660672776,2,"[np.float64(1.0), np.float64(0.0)]","[np.float64(0.3064174914698308), np.float64(0.31036409207492793)]",308
p16,smokinghx,Kruskal-Wallis,1.9743712561730717,0.3726239189781991,3,"[np.float64(2.0), np.float64(1.0), np.float64(0.0)]","[np.float64(0.23718429809033834), np.float64(0.24098982905242905), np.float64(0.24051667429867424)]",308
CD49f,larynxpharynx,Mann-Whitney U,10667.0,0.39784527013331816,2,"['Larynx', 'Pharynx']","[np.float64(0.34029495418317335), np.float64(0.3356453773325125)]",308
CD56,alcoholhx,Kruskal-Wallis,3.8182300434460785,0.43116427929715784,5,"[np.float64(5.0), np.float64(3.0), np.float64(1.0), np.float64(0.0), np.float64(2.0)]","[np.float64(0.290638848237037), np.float64(0.2707681551032337), np.float64(0.27740320740540314), np.float64(0.28833471158731094), np.float64(0.2917841032922622)]",308
CD31,hpvstatus,Kruskal-Wallis,1.6411471129665642,0.440179114505015,3,"[np.float64(5.0), np.float64(0.0), np.float64(1.0)]","[np.float64(0.36322371864537), np.float64(0.3953972724429605), np.float64(0.3650011920949676)]",308
CD134,smokinghx,Kruskal-Wallis,1.569836121329672,0.45615707746200695,3,"[np.float64(2.0), np.float64(1.0), np.float64(0.0)]","[np.float64(0.23831336872233697), np.float64(0.2466664598975821), np.float64(0.2411139301074134)]",308
CD152,survival_status,Mann-Whitney U,10019.0,0.46562107001066344,2,"[np.float64(1.0), np.float64(0.0)]","[np.float64(0.2296412779075165), np.float64(0.2308493832139507)]",308
CD57,alcoholhx,Kruskal-Wallis,3.5610105620983177,0.4686623930041106,5,"[np.float64(5.0), np.float64(3.0), np.float64(1.0), np.float64(0.0), np.float64(2.0)]","[np.float64(0.2901701787416427), np.float64(0.29360657291011666), np.float64(0.27031807432209787), np.float64(0.28128776179275305), np.float64(0.29439492092529046)]",308
CD21,survival_status,Mann-Whitney U,10074.0,0.5124467102471466,2,"[np.float64(1.0), np.float64(0.0)]","[np.float64(0.33282444607063133), np.float64(0.34934639832086695)]",308
p16,alcoholhx,Kruskal-Wallis,3.1288462812187845,0.5364995349529593,5,"[np.float64(5.0), np.float64(3.0), np.float64(1.0), np.float64(0.0), np.float64(2.0)]","[np.float64(0.23730273933968843), np.float64(0.23817107897598191), np.float64(0.23610831736578095), np.float64(0.2419910469937014), np.float64(0.23835796289989367)]",308
CD11b,smokinghx,Kruskal-Wallis,1.2328820938633953,0.5398623674882699,3,"[np.float64(2.0), np.float64(1.0), np.float64(0.0)]","[np.float64(0.4028847287618388), np.float64(0.38928020230972615), np.float64(0.3985012829025735)]",308
PanCK,larynxpharynx,Mann-Whitney U,9636.0,0.5581107396776216,2,"['Larynx', 'Pharynx']","[np.float64(0.8838126729206099), np.float64(0.7992369886863353)]",308
CD68,hpvstatus,Kruskal-Wallis,1.0551304435177826,0.590039838335787,3,"[np.float64(5.0), np.float64(0.0), np.float64(1.0)]","[np.float64(0.39629440862833354), np.float64(0.4074805434754241), np.float64(0.4068382103870386)]",308
CD11b,survival_status,Mann-Whitney U,10182.0,0.611056641745432,2,"[np.float64(1.0), np.float64(0.0)]","[np.float64(0.40267793579317945), np.float64(0.3990591843122411)]",308
CD21,smokinghx,Kruskal-Wallis,0.941247079412733,0.6246126760276005,3,"[np.float64(2.0), np.float64(1.0), np.float64(0.0)]","[np.float64(0.3412683150334603), np.float64(0.33505172653022924), np.float64(0.362818511327318)]",308
FoxP3,larynxpharynx,Mann-Whitney U,10382.0,0.653082086425745,2,"['Larynx', 'Pharynx']","[np.float64(0.3222992358906804), np.float64(0.3045018336050356)]",308
CD14,smokinghx,Kruskal-Wallis,0.7582403632225123,0.6844633478150299,3,"[np.float64(2.0), np.float64(1.0), np.float64(0.0)]","[np.float64(0.4388814617268916), np.float64(0.46827443827516585), np.float64(0.46796440713696486)]",308
CD152,alcoholhx,Kruskal-Wallis,2.1137149874459737,0.7148531341660718,5,"[np.float64(5.0), np.float64(3.0), np.float64(1.0), np.float64(0.0), np.float64(2.0)]","[np.float64(0.23011685805492932), np.float64(0.23124340551155695), np.float64(0.22826929678307772), np.float64(0.2305882590585916), np.float64(0.23262220526549218)]",308
CD68,survival_status,Mann-Whitney U,10814.0,0.728455430419501,2,"[np.float64(1.0), np.float64(0.0)]","[np.float64(0.4086371163564719), np.float64(0.4028379919760457)]",308
CollagenIV,smokinghx,Kruskal-Wallis,0.569109699810042,0.7523490880562241,3,"[np.float64(2.0), np.float64(1.0), np.float64(0.0)]","[np.float64(0.2692272650598099), np.float64(0.26532799194110807), np.float64(0.27763983785801083)]",308
Podoplanin,larynxpharynx,Mann-Whitney U,10281.0,0.7572067037600886,2,"['Larynx', 'Pharynx']","[np.float64(0.4658243475228745), np.float64(0.4538324423398298)]",308
CD31,smokinghx,Kruskal-Wallis,0.46240536369077745,0.7935786057577885,3,"[np.float64(2.0), np.float64(1.0), np.float64(0.0)]","[np.float64(0.3817540486018051), np.float64(0.35018163053545054), np.float64(0.3610475478948084)]",308
CD45,alcoholhx,Kruskal-Wallis,1.6195320727726994,0.8052774028356368,5,"[np.float64(5.0), np.float64(3.0), np.float64(1.0), np.float64(0.0), np.float64(2.0)]","[np.float64(0.6228279003702036), np.float64(0.6834526441000071), np.float64(0.6734823962884819), np.float64(0.6630288172886492), np.float64(0.6949318857192243)]",308
PDL1,smokinghx,Kruskal-Wallis,0.4298233563648637,0.8066126785291714,3,"[np.float64(2.0), np.float64(1.0), np.float64(0.0)]","[np.float64(0.23653523949101204), np.float64(0.2382216262351728), np.float64(0.23733116155116227)]",308
PanCK,smokinghx,Kruskal-Wallis,0.35504187867763903,0.8373434657336463,3,"[np.float64(2.0), np.float64(1.0), np.float64(0.0)]","[np.float64(0.8735890459034483), np.float64(0.7536311654318707), np.float64(0.8457758376173322)]",308
CD47,survival_status,Mann-Whitney U,10689.0,0.8589908109784619,2,"[np.float64(1.0), np.float64(0.0)]","[np.float64(0.24669261218346705), np.float64(0.24612952580240174)]",308
PanCK,survival_status,Mann-Whitney U,10673.0,0.8760644221209488,2,"[np.float64(1.0), np.float64(0.0)]","[np.float64(0.8735890459034483), np.float64(0.8185432050998117)]",308
CD47,smokinghx,Kruskal-Wallis,0.24993408407033257,0.8825259883657781,3,"[np.float64(2.0), np.float64(1.0), np.float64(0.0)]","[np.float64(0.2460271830328977), np.float64(0.24797817898100175), np.float64(0.2435526881065655)]",308
PanCK,alcoholhx,Kruskal-Wallis,1.128432024723793,0.8897353104705866,5,"[np.float64(5.0), np.float64(3.0), np.float64(1.0), np.float64(0.0), np.float64(2.0)]","[np.float64(0.8059538469977255), np.float64(0.8463875032580661), np.float64(0.9038096631209311), np.float64(0.8200702906227992), np.float64(0.7953827419736553)]",308
CD15,smokinghx,Kruskal-Wallis,0.20084848582132508,0.9044536285917874,3,"[np.float64(2.0), np.float64(1.0), np.float64(0.0)]","[np.float64(0.483402817893904), np.float64(0.4893370023631155), np.float64(0.49888643382166864)]",308
Vimentin,larynxpharynx,Mann-Whitney U,10011.0,0.9484852590772725,2,"['Larynx', 'Pharynx']","[np.float64(1.0081162527112266), np.float64(0.9572168373055745)]",308
CD68,smokinghx,Kruskal-Wallis,0.06492762796131046,0.9680574793441873,3,"[np.float64(2.0), np.float64(1.0), np.float64(0.0)]","[np.float64(0.40519132464693103), np.float64(0.40528785847218174), np.float64(0.40588879984615395)]",308
Podoplanin,survival_status,Mann-Whitney U,10570.0,0.987015716836947,2,"[np.float64(1.0), np.float64(0.0)]","[np.float64(0.468059905577237), np.float64(0.4518225273527037)]",308
CD47,larynxpharynx,Mann-Whitney U,10060.0,0.9983370791601125,2,"['Larynx', 'Pharynx']","[np.float64(0.2485025073181819), np.float64(0.2459089635199897)]",308
